block,test,traces,events,violations,source
2a7c7e626ef88c07b7f97eecb0749555,2,2,4,0,og
3f45b351dab72cf8436d4041b944fcd5,3,6,14,2,og
49d0bc098a9999b05f42dfb5cc59668b,3,5,5,0,og
54b7035c26859e931bc5b409b86cbd17,4,7,18,0,og
5bf5b584e7487dc4952fac3d839fa707,8,6,6,0,og
657cfb1a1c2e712be367ae91fa0e7c14,1,1,2,0,og
67dbc61ecf2d63def1c6d5c2fca13d1c,1,2,2,0,og
68594486965c5ee848459473fbf60358,2,0,0,0,og
6d63796972cf55c64f2aa4605e4187a2,1,6,16,1,og
7a33c76bb57c8dbb8eeb2eaa60230f8f,3,6,19,0,og
83a0e6c7a201dac415de29870edd93c0,2,7,13,0,og
852885eafaa085f04726681bfcc07b60,4,4,7,0,og
9bca5050d48b752d9908dccd923795df,1,2,11,0,og
d6237ec28132a947e0a080a68c6bf066,2,2,2,0,og
d83e9d4edb5b4ffa65e15b90543cfb78,2,0,0,0,og
da138a9bba97dd57d9c4368fba3accc3,2,8,338,2,og
e9649e7abe1bbc829f98c00eb27c35a9,7,3,6,0,og
0268aeb5cdf7e9bc8aa658dfc96f618c,6,4,10,0,og
194310c0d10d75af6321deaa6168d4e0,3,6,39,0,og
2649e5b8ace3ae31b6cdc342a15cd820,3,9,176,0,og
28d1bb0c897d494ae952e91ef1dcc425,2,6,29,0,og
38c5899e405c48d2b09264c0bf3f0077,3,9,176,0,og
4a2c6520e16f78fd86dd886074ad81ac,5,5,442,0,og
5190281f4d775ed1df8851708d26239f,1,10,17,0,og
a67f218ba30706d56ddd640b222b8d46,4,6,16,0,og
b465b2a4652dd37c8742dd8ab088d703,2,1,1,0,og
bc81a2a817a38810e2be4a21b7279143,6,6,12,0,og
d095ef0647c6f87b5971ce00bad3220f,10,1,1,0,og
f8f5bc4bc33f123442886530e20a368a,2,5,15,0,og
13a131c79259e595e72d13a33258de1e,2,2,6,0,new
38e9e151b0001ee59504667ccf388625,1,2,10,0,new
49cd1173bbda5315ccdebc79d08d55f7,4,9,42,0,new
4a88f5cc8e6703e852d61e8f65951be2,5,16,36,0,new
5bf29762dc543a563669a21c4f4c3b10,3,3,361,0,new
61d37eb04fafa794dd0c469e37e6c7ec,5,19,46,0,new
6a29e559f1a02586c3fe65751346fe1d,1,5,26,0,new
85bebad3ac9a6274bc962177515e600f,3,6,28,0,new
8bebbe58ac1f5c1df099cd52794c40bd,4,17,41,0,new
aa3f319ac1f9e257a35ffbcaec05b575,1,5,26,0,new
cf1db9ea92b3a7d0fe8ea93567832ec1,5,6,17,0,new
d96a952e7bb0d551fac99f6e0f458289,4,2,5,0,new
fb425881cd6487628c88862f661744f3,4,3,3,0,new
ff2fcf6d34ba9a9b3ad484609479a2ca,5,10,29,0,new